id_venta,id_producto,cantidad,id_cliente,fecha,nombre_producto,categoria,medio_pago_efectivo,medio_pago_qr,medio_pago_tarjeta,medio_pago_transferencia,anio,mes,dia_semana,trimestre,transacciones_cliente,nombre_cliente,ciudad,precio_unitario,importe,importe_std
1,90,1,62,2024-06-19,Toallas Húmedas X50,alimentos,0.0,0.0,1.0,0.0,2024,6,Miércoles,2,2,Guadalupe Romero,carlos paz,2902.0,2902.0,-0.9182589695353444
2,82,5,49,2024-03-17,Aceitunas Negras 200G,alimentos,0.0,1.0,0.0,0.0,2024,3,Domingo,1,4,Olivia Gomez,rio cuarto,2394.0,11970.0,0.8063964935333122
2,39,5,49,2024-03-17,Helado Vainilla 1L,alimentos,0.0,1.0,0.0,0.0,2024,3,Domingo,1,4,Olivia Gomez,rio cuarto,469.0,2345.0,-1.0241955699907084
2,70,2,49,2024-03-17,Fernet 750Ml,alimentos,0.0,1.0,0.0,0.0,2024,3,Domingo,1,4,Olivia Gomez,rio cuarto,4061.0,8122.0,0.0745400508901505
2,22,1,49,2024-03-17,Medialunas De Manteca,alimentos,0.0,1.0,0.0,0.0,2024,3,Domingo,1,4,Olivia Gomez,rio cuarto,2069.0,2069.0,-1.0766883917603325
2,79,4,49,2024-03-17,Hamburguesas Congeladas X4,alimentos,0.0,1.0,0.0,0.0,2024,3,Domingo,1,4,Olivia Gomez,rio cuarto,2420.0,9680.0,0.3708582259520128
3,9,2,20,2024-01-13,Yerba Mate Suave 1Kg,alimentos,0.0,0.0,1.0,0.0,2024,1,Sábado,1,2,Tomas Acosta,rio cuarto,3878.0,7756.0,0.0049300046304319
3,2,2,20,2024-01-13,Pepsi 1.5L,alimentos,0.0,0.0,1.0,0.0,2024,1,Sábado,1,2,Tomas Acosta,rio cuarto,4973.0,9946.0,0.4214491338894039
3,85,1,20,2024-01-13,Jugo En Polvo Naranja,alimentos,0.0,0.0,1.0,0.0,2024,1,Sábado,1,2,Tomas Acosta,rio cuarto,1856.0,1856.0,-1.11719915638689
4,4,2,36,2024-02-27,Fanta Naranja 1.5L,alimentos,0.0,0.0,0.0,1.0,2024,2,Martes,1,1,Martina Molina,mendiolaza,2033.0,4066.0,-0.6968761994634524
4,23,5,36,2024-02-27,Bizcochos Salados,alimentos,0.0,0.0,0.0,1.0,2024,2,Martes,1,1,Martina Molina,mendiolaza,2380.0,11900.0,0.7930830967076831
5,86,4,56,2024-06-11,Jugo En Polvo Limón,alimentos,0.0,0.0,1.0,0.0,2024,6,Martes,2,5,Bruno Diaz,rio cuarto,4090.0,16360.0,1.641336665883489
6,25,2,91,2024-05-05,Galletitas Vainilla,alimentos,0.0,0.0,0.0,1.0,2024,5,Domingo,2,2,Uma Sanchez,mendiolaza,4015.0,8030.0,0.0570424436336092
6,31,3,91,2024-05-05,Mix De Frutos Secos 200G,alimentos,0.0,0.0,0.0,1.0,2024,5,Domingo,2,2,Uma Sanchez,mendiolaza,3409.0,10227.0,0.4748929125751441
6,83,1,91,2024-05-05,Queso Untable 190G,alimentos,0.0,0.0,0.0,1.0,2024,5,Domingo,2,2,Uma Sanchez,mendiolaza,1830.0,1830.0,-1.122144132350695
6,59,4,91,2024-05-05,Chicle Menta,alimentos,0.0,0.0,0.0,1.0,2024,5,Domingo,2,2,Uma Sanchez,mendiolaza,3612.0,14448.0,1.2776907411605871
7,63,3,92,2024-05-06,Granola 250G,alimentos,1.0,0.0,0.0,0.0,2024,5,Lunes,2,2,Mariana Rodriguez,alta gracia,4337.0,13011.0,1.0043857234687414
8,53,5,66,2024-01-06,Lavandina 1L,alimentos,0.0,0.0,0.0,1.0,2024,1,Sábado,1,2,Tomas Herrera,villa maria,1664.0,8320.0,0.1121979447683589
8,18,4,66,2024-01-06,Queso Rallado 150G,alimentos,0.0,0.0,0.0,1.0,2024,1,Sábado,1,2,Tomas Herrera,villa maria,3444.0,13776.0,1.149882131634547
8,68,5,66,2024-01-06,Vino Blanco 750Ml,alimentos,0.0,0.0,0.0,1.0,2024,1,Sábado,1,2,Tomas Herrera,villa maria,2684.0,13420.0,1.082173999207061
9,65,4,86,2024-01-20,Cerveza Rubia 1L,alimentos,1.0,0.0,0.0,0.0,2024,1,Sábado,1,2,Diego Torres,cordoba,2423.0,9692.0,0.3731405225506921
10,36,2,52,2024-05-28,Dulce De Leche 400G,alimentos,0.0,1.0,0.0,0.0,2024,5,Martes,2,3,Diego Diaz,rio cuarto,2559.0,5118.0,-0.4967948643125672
10,100,4,52,2024-05-28,Trapo De Piso,limpieza,0.0,1.0,0.0,0.0,2024,5,Martes,2,3,Diego Diaz,rio cuarto,4854.0,19416.0,2.222561533013817
10,37,3,52,2024-05-28,Mermelada De Durazno 400G,alimentos,0.0,1.0,0.0,0.0,2024,5,Martes,2,3,Diego Diaz,rio cuarto,3196.0,9588.0,0.3533606186954715
10,62,1,52,2024-05-28,Stevia 100 Sobres,alimentos,0.0,1.0,0.0,0.0,2024,5,Martes,2,3,Diego Diaz,rio cuarto,3848.0,3848.0,-0.7383379210061263
11,13,1,20,2024-04-10,Té Verde 20 Saquitos,alimentos,0.0,1.0,0.0,0.0,2024,4,Miércoles,2,2,Tomas Acosta,rio cuarto,2383.0,2383.0,-1.016968297428224
11,65,2,20,2024-04-10,Cerveza Rubia 1L,alimentos,0.0,1.0,0.0,0.0,2024,4,Miércoles,2,2,Tomas Acosta,rio cuarto,2423.0,4846.0,-0.548526920549298
11,28,1,20,2024-04-10,Papas Fritas Clásicas 100G,alimentos,0.0,1.0,0.0,0.0,2024,4,Miércoles,2,2,Tomas Acosta,rio cuarto,936.0,936.0,-1.2921752289523027
12,72,2,96,2024-06-28,Ron 700Ml,alimentos,1.0,0.0,0.0,0.0,2024,6,Viernes,2,1,Rocio Gonzalez,cordoba,3876.0,7752.0,0.0041692390975388
12,50,2,96,2024-06-28,Azúcar 1Kg,alimentos,1.0,0.0,0.0,0.0,2024,6,Viernes,2,1,Rocio Gonzalez,cordoba,727.0,1454.0,-1.1936560924426465
12,56,3,96,2024-06-28,Papel Higiénico X4,alimentos,1.0,0.0,0.0,0.0,2024,6,Viernes,2,1,Rocio Gonzalez,cordoba,2532.0,7596.0,-0.025500616685292
12,87,3,96,2024-06-28,Sopa Instantánea Pollo,alimentos,1.0,0.0,0.0,0.0,2024,6,Viernes,2,1,Rocio Gonzalez,cordoba,1679.0,5037.0,-0.5122003663536525
12,38,4,96,2024-06-28,Mermelada De Frutilla 400G,alimentos,1.0,0.0,0.0,0.0,2024,6,Viernes,2,1,Rocio Gonzalez,cordoba,1584.0,6336.0,-0.2651417595466184
13,87,1,6,2024-01-24,Sopa Instantánea Pollo,alimentos,0.0,0.0,1.0,0.0,2024,1,Miércoles,1,2,Uma Medina,villa maria,1679.0,1679.0,-1.1508630312174095
13,81,3,6,2024-01-24,Aceitunas Verdes 200G,alimentos,0.0,0.0,1.0,0.0,2024,1,Miércoles,1,2,Uma Medina,villa maria,2520.0,7560.0,-0.0323475064813299
13,13,1,6,2024-01-24,Té Verde 20 Saquitos,alimentos,0.0,0.0,1.0,0.0,2024,1,Miércoles,1,2,Uma Medina,villa maria,2383.0,2383.0,-1.016968297428224
14,36,4,67,2024-04-18,Dulce De Leche 400G,alimentos,0.0,1.0,0.0,0.0,2024,4,Jueves,2,1,Ivana Romero,alta gracia,2559.0,10236.0,0.4766046350241536
14,72,5,67,2024-04-18,Ron 700Ml,alimentos,0.0,1.0,0.0,0.0,2024,4,Jueves,2,1,Ivana Romero,alta gracia,3876.0,19380.0,2.2157146432177792
14,38,3,67,2024-04-18,Mermelada De Frutilla 400G,alimentos,0.0,1.0,0.0,0.0,2024,4,Jueves,2,1,Ivana Romero,alta gracia,1584.0,4752.0,-0.5664049105722858
14,97,1,67,2024-04-18,Limpiavidrios 500Ml,alimentos,0.0,1.0,0.0,0.0,2024,4,Jueves,2,1,Ivana Romero,alta gracia,872.0,872.0,-1.3043474774785924
15,37,3,56,2024-06-27,Mermelada De Durazno 400G,alimentos,0.0,0.0,0.0,1.0,2024,6,Jueves,2,5,Bruno Diaz,rio cuarto,3196.0,9588.0,0.3533606186954715
16,35,5,2,2024-04-12,Barrita De Cereal 30G,alimentos,1.0,0.0,0.0,0.0,2024,4,Viernes,2,1,Nicolas Rojas,carlos paz,4430.0,22150.0,2.7425447747462504
17,81,5,88,2024-02-17,Aceitunas Verdes 200G,alimentos,1.0,0.0,0.0,0.0,2024,2,Sábado,1,1,Felipe Castro,villa maria,2520.0,12600.0,0.9262170649639756
17,46,5,88,2024-02-17,Lentejas Secas 500G,alimentos,1.0,0.0,0.0,0.0,2024,2,Sábado,1,1,Felipe Castro,villa maria,3036.0,15180.0,1.416910833680025
17,74,3,88,2024-02-17,Whisky 750Ml,alimentos,1.0,0.0,0.0,0.0,2024,2,Sábado,1,1,Felipe Castro,villa maria,2953.0,8859.0,0.2147111003257041
18,33,2,81,2024-06-11,Chocolate Con Leche 100G,alimentos,0.0,1.0,0.0,0.0,2024,6,Martes,2,2,Camila Ruiz,carlos paz,1255.0,2510.0,-0.992813991758868
18,4,5,81,2024-06-11,Fanta Naranja 1.5L,alimentos,0.0,1.0,0.0,0.0,2024,6,Martes,2,2,Camila Ruiz,carlos paz,2033.0,10165.0,0.4631010468153011
18,24,2,81,2024-06-11,Galletitas Chocolate,alimentos,0.0,1.0,0.0,0.0,2024,6,Martes,2,2,Camila Ruiz,carlos paz,1305.0,2610.0,-0.9737948534365406
18,15,3,81,2024-06-11,Leche Descremada 1L,alimentos,0.0,1.0,0.0,0.0,2024,6,Martes,2,2,Camila Ruiz,carlos paz,2538.0,7614.0,-0.0220771717872731
18,22,5,81,2024-06-11,Medialunas De Manteca,alimentos,0.0,1.0,0.0,0.0,2024,6,Martes,2,2,Camila Ruiz,carlos paz,2069.0,10345.0,0.4973354957954906
19,38,2,80,2024-06-11,Mermelada De Frutilla 400G,alimentos,1.0,0.0,0.0,0.0,2024,6,Martes,2,1,Gael Ruiz,mendiolaza,1584.0,3168.0,-0.8676680615979532
19,98,3,80,2024-06-11,Desengrasante 500Ml,alimentos,1.0,0.0,0.0,0.0,2024,6,Martes,2,1,Gael Ruiz,mendiolaza,2843.0,8529.0,0.1519479438620234
19,63,3,80,2024-06-11,Granola 250G,alimentos,1.0,0.0,0.0,0.0,2024,6,Martes,2,1,Gael Ruiz,mendiolaza,4337.0,13011.0,1.0043857234687414
20,32,3,75,2024-01-13,Chocolate Amargo 100G,alimentos,0.0,0.0,1.0,0.0,2024,1,Sábado,1,2,Santiago Castro,rio cuarto,2234.0,6702.0,-0.1955317132868998
21,76,5,10,2024-06-19,Pizza Congelada Muzzarella,alimentos,0.0,0.0,0.0,1.0,2024,6,Miércoles,2,1,Karina Acosta,cordoba,4286.0,21430.0,2.6056069788254925
21,35,1,10,2024-06-19,Barrita De Cereal 30G,alimentos,0.0,0.0,0.0,1.0,2024,6,Miércoles,2,1,Karina Acosta,cordoba,4430.0,4430.0,-0.6276465359701804
22,9,2,64,2024-05-08,Yerba Mate Suave 1Kg,alimentos,0.0,0.0,0.0,1.0,2024,5,Miércoles,2,2,Julian Alvarez,villa maria,3878.0,7756.0,0.0049300046304319
22,28,3,64,2024-05-08,Papas Fritas Clásicas 100G,alimentos,0.0,0.0,0.0,1.0,2024,5,Miércoles,2,2,Julian Alvarez,villa maria,936.0,2808.0,-0.9361369595583322
22,24,4,64,2024-05-08,Galletitas Chocolate,alimentos,0.0,0.0,0.0,1.0,2024,5,Miércoles,2,2,Julian Alvarez,villa maria,1305.0,5220.0,-0.4773953432237932
23,64,4,78,2024-05-16,Avena Instantánea 250G,alimentos,0.0,0.0,0.0,1.0,2024,5,Jueves,2,1,Emilia Alvarez,villa maria,3953.0,15812.0,1.5371117878771343
23,83,4,78,2024-05-16,Queso Untable 190G,alimentos,0.0,0.0,0.0,1.0,2024,5,Jueves,2,1,Emilia Alvarez,villa maria,1830.0,7320.0,-0.0779934384549159
24,91,2,55,2024-06-14,Desodorante Aerosol,alimentos,0.0,0.0,1.0,0.0,2024,6,Viernes,2,2,Olivia Ruiz,mendiolaza,4690.0,9380.0,0.3138008109850303
24,40,5,55,2024-06-14,Helado Chocolate 1L,alimentos,0.0,0.0,1.0,0.0,2024,6,Viernes,2,2,Olivia Ruiz,mendiolaza,1215.0,6075.0,-0.3147817105678931
25,55,1,13,2024-04-30,Shampoo 400Ml,alimentos,0.0,0.0,0.0,1.0,2024,4,Martes,2,1,Ivana Sanchez,carlos paz,1407.0,1407.0,-1.2025950874541402
25,95,5,13,2024-04-30,Mascarilla Capilar,alimentos,0.0,0.0,0.0,1.0,2024,4,Martes,2,1,Ivana Sanchez,carlos paz,1581.0,7905.0,0.0332685207306998
25,72,1,13,2024-04-30,Ron 700Ml,alimentos,0.0,0.0,0.0,1.0,2024,4,Martes,2,1,Ivana Sanchez,carlos paz,3876.0,3876.0,-0.7330125622758746
26,79,2,49,2024-01-23,Hamburguesas Congeladas X4,alimentos,1.0,0.0,0.0,0.0,2024,1,Martes,1,4,Olivia Gomez,rio cuarto,2420.0,4840.0,-0.5496680688486376
26,86,1,49,2024-01-23,Jugo En Polvo Limón,alimentos,1.0,0.0,0.0,0.0,2024,1,Martes,1,4,Olivia Gomez,rio cuarto,4090.0,4090.0,-0.6923116062660938
27,7,4,9,2024-02-25,Jugo De Manzana 1L,alimentos,0.0,0.0,0.0,1.0,2024,2,Domingo,1,2,Yamila Molina,carlos paz,3269.0,13076.0,1.0167481633782542
27,78,4,9,2024-02-25,Verduras Congeladas Mix,alimentos,0.0,0.0,0.0,1.0,2024,2,Domingo,1,2,Yamila Molina,carlos paz,4289.0,17156.0,1.792729006929216
28,74,1,52,2024-05-20,Whisky 750Ml,alimentos,0.0,1.0,0.0,0.0,2024,5,Lunes,2,3,Diego Diaz,rio cuarto,2953.0,2953.0,-0.9085592089909572
28,91,2,52,2024-05-20,Desodorante Aerosol,alimentos,0.0,1.0,0.0,0.0,2024,5,Lunes,2,3,Diego Diaz,rio cuarto,4690.0,9380.0,0.3138008109850303
28,72,1,52,2024-05-20,Ron 700Ml,alimentos,0.0,1.0,0.0,0.0,2024,5,Lunes,2,3,Diego Diaz,rio cuarto,3876.0,3876.0,-0.7330125622758746
28,18,2,52,2024-05-20,Queso Rallado 150G,alimentos,0.0,1.0,0.0,0.0,2024,5,Lunes,2,3,Diego Diaz,rio cuarto,3444.0,6888.0,-0.1601561160073706
28,27,5,52,2024-05-20,Alfajor Simple,alimentos,0.0,1.0,0.0,0.0,2024,5,Lunes,2,3,Diego Diaz,rio cuarto,2502.0,12510.0,0.9090998404738808
29,58,1,49,2024-02-20,Caramelos Masticables,alimentos,0.0,1.0,0.0,0.0,2024,2,Martes,1,4,Olivia Gomez,rio cuarto,4752.0,4752.0,-0.5664049105722858
29,36,2,49,2024-02-20,Dulce De Leche 400G,alimentos,0.0,1.0,0.0,0.0,2024,2,Martes,1,4,Olivia Gomez,rio cuarto,2559.0,5118.0,-0.4967948643125672
29,71,4,49,2024-02-20,Vodka 700Ml,alimentos,0.0,1.0,0.0,0.0,2024,2,Martes,1,4,Olivia Gomez,rio cuarto,508.0,2032.0,-1.0837254729395935
29,27,2,49,2024-02-20,Alfajor Simple,alimentos,0.0,1.0,0.0,0.0,2024,2,Martes,1,4,Olivia Gomez,rio cuarto,2502.0,5004.0,-0.5184766820000205
29,66,1,49,2024-02-20,Cerveza Negra 1L,alimentos,0.0,1.0,0.0,0.0,2024,2,Martes,1,4,Olivia Gomez,rio cuarto,1533.0,1533.0,-1.1786309731680076
30,49,4,93,2024-03-03,Harina De Trigo 1Kg,alimentos,1.0,0.0,0.0,0.0,2024,3,Domingo,1,1,Gael Rojas,alta gracia,2512.0,10048.0,0.4408486549781779
30,78,3,93,2024-03-03,Verduras Congeladas Mix,alimentos,1.0,0.0,0.0,0.0,2024,3,Domingo,1,1,Gael Rojas,alta gracia,4289.0,12867.0,0.97699816428459
30,82,4,93,2024-03-03,Aceitunas Negras 200G,alimentos,1.0,0.0,0.0,0.0,2024,3,Domingo,1,1,Gael Rojas,alta gracia,2394.0,9576.0,0.3510783220967922
30,7,1,93,2024-03-03,Jugo De Manzana 1L,alimentos,1.0,0.0,0.0,0.0,2024,3,Domingo,1,1,Gael Rojas,alta gracia,3269.0,3269.0,-0.8484587318924025
31,92,4,19,2024-05-22,Crema Dental 90G,alimentos,0.0,0.0,1.0,0.0,2024,5,Miércoles,2,2,Uma Silva,mendiolaza,2512.0,10048.0,0.4408486549781779
31,90,3,19,2024-05-22,Toallas Húmedas X50,alimentos,0.0,0.0,1.0,0.0,2024,5,Miércoles,2,2,Uma Silva,mendiolaza,2902.0,8706.0,0.185611818692543
31,84,5,19,2024-05-22,Queso Azul 150G,alimentos,0.0,0.0,1.0,0.0,2024,5,Miércoles,2,2,Uma Silva,mendiolaza,1645.0,8225.0,0.0941297633621478
32,72,5,31,2024-01-30,Ron 700Ml,alimentos,1.0,0.0,0.0,0.0,2024,1,Martes,1,1,Felipe Ruiz,villa maria,3876.0,19380.0,2.2157146432177792
32,53,4,31,2024-01-30,Lavandina 1L,alimentos,1.0,0.0,0.0,0.0,2024,1,Martes,1,1,Felipe Ruiz,villa maria,1664.0,6656.0,-0.2042805169151704
32,17,3,31,2024-01-30,Queso Cremoso 500G,alimentos,1.0,0.0,0.0,0.0,2024,1,Martes,1,1,Felipe Ruiz,villa maria,4834.0,14502.0,1.2879610758546445
32,35,3,31,2024-01-30,Barrita De Cereal 30G,alimentos,1.0,0.0,0.0,0.0,2024,1,Martes,1,1,Felipe Ruiz,villa maria,4430.0,13290.0,1.057449119388035
33,47,2,6,2024-02-13,Garbanzos 500G,alimentos,1.0,0.0,0.0,0.0,2024,2,Martes,1,2,Uma Medina,villa maria,2939.0,5878.0,-0.3522494130628783
33,76,4,6,2024-02-13,Pizza Congelada Muzzarella,alimentos,1.0,0.0,0.0,0.0,2024,2,Martes,1,2,Uma Medina,villa maria,4286.0,17144.0,1.7904467103305366
33,100,1,6,2024-02-13,Trapo De Piso,limpieza,1.0,0.0,0.0,0.0,2024,2,Martes,1,2,Uma Medina,villa maria,4854.0,4854.0,-0.5470053894835117
33,91,2,6,2024-02-13,Desodorante Aerosol,alimentos,1.0,0.0,0.0,0.0,2024,2,Martes,1,2,Uma Medina,villa maria,4690.0,9380.0,0.3138008109850303
34,10,1,58,2024-01-13,Yerba Mate Intensa 1Kg,alimentos,0.0,0.0,0.0,1.0,2024,1,Sábado,1,2,Karina Acosta,rio cuarto,4883.0,4883.0,-0.5414898393700368
34,32,5,58,2024-01-13,Chocolate Amargo 100G,alimentos,0.0,0.0,0.0,1.0,2024,1,Sábado,1,2,Karina Acosta,rio cuarto,2234.0,11170.0,0.6542433869546923
35,93,3,61,2024-05-30,Cepillo De Dientes,limpieza,1.0,0.0,0.0,0.0,2024,5,Jueves,2,2,Guadalupe Martinez,rio cuarto,2142.0,6426.0,-0.2480245350565236
35,80,2,61,2024-05-30,Helado De Frutilla 1L,alimentos,1.0,0.0,0.0,0.0,2024,5,Jueves,2,2,Guadalupe Martinez,rio cuarto,1981.0,3962.0,-0.716656103318673
35,88,5,61,2024-05-30,Caldo Concentrado Carne,alimentos,1.0,0.0,0.0,0.0,2024,5,Jueves,2,2,Guadalupe Martinez,rio cuarto,2570.0,12850.0,0.9737649107697942
36,50,4,5,2024-06-25,Azúcar 1Kg,alimentos,0.0,0.0,1.0,0.0,2024,6,Martes,2,4,Agustina Flores,cordoba,727.0,2908.0,-0.9171178212360048
36,48,2,5,2024-06-25,Porotos Negros 500G,alimentos,0.0,0.0,1.0,0.0,2024,6,Martes,2,4,Agustina Flores,cordoba,4462.0,8924.0,0.2270735402352169
37,18,3,57,2024-05-17,Queso Rallado 150G,alimentos,0.0,1.0,0.0,0.0,2024,5,Viernes,2,2,Julian Acosta,rio cuarto,3444.0,10332.0,0.494863007813588
38,62,5,56,2024-05-29,Stevia 100 Sobres,alimentos,0.0,0.0,1.0,0.0,2024,5,Miércoles,2,5,Bruno Diaz,rio cuarto,3848.0,19240.0,2.1890878495665205
38,14,3,56,2024-05-29,Leche Entera 1L,alimentos,0.0,0.0,1.0,0.0,2024,5,Miércoles,2,5,Bruno Diaz,rio cuarto,1723.0,5169.0,-0.4870951037681802
38,65,5,56,2024-05-29,Cerveza Rubia 1L,alimentos,0.0,0.0,1.0,0.0,2024,5,Miércoles,2,5,Bruno Diaz,rio cuarto,2423.0,12115.0,0.8339742441006871
38,5,3,56,2024-05-29,Agua Mineral 500Ml,alimentos,0.0,0.0,1.0,0.0,2024,5,Miércoles,2,5,Bruno Diaz,rio cuarto,4777.0,14331.0,1.2554383493234642
39,44,4,5,2024-03-05,Arroz Largo Fino 1Kg,alimentos,1.0,0.0,0.0,0.0,2024,3,Martes,1,4,Agustina Flores,cordoba,2979.0,11916.0,0.7961261588392554
39,22,2,5,2024-03-05,Medialunas De Manteca,alimentos,1.0,0.0,0.0,0.0,2024,3,Martes,1,4,Agustina Flores,cordoba,2069.0,4138.0,-0.6831824198713766
39,58,4,5,2024-03-05,Caramelos Masticables,alimentos,1.0,0.0,0.0,0.0,2024,3,Martes,1,4,Agustina Flores,cordoba,4752.0,19008.0,2.144963448658721
39,81,4,5,2024-03-05,Aceitunas Verdes 200G,alimentos,1.0,0.0,0.0,0.0,2024,3,Martes,1,4,Agustina Flores,cordoba,2520.0,10080.0,0.4469347792413227
40,44,2,15,2024-05-13,Arroz Largo Fino 1Kg,alimentos,1.0,0.0,0.0,0.0,2024,5,Lunes,2,3,Tomas Ruiz,cordoba,2979.0,5958.0,-0.3370341024050163
41,51,1,29,2024-03-08,Sal Fina 500G,alimentos,0.0,0.0,1.0,0.0,2024,3,Viernes,1,1,Diego Fernandez,alta gracia,1745.0,1745.0,-1.1383103999246733
41,15,1,29,2024-03-08,Leche Descremada 1L,alimentos,0.0,0.0,1.0,0.0,2024,3,Viernes,1,1,Diego Fernandez,alta gracia,2538.0,2538.0,-0.9874886330286164
42,47,3,12,2024-04-18,Garbanzos 500G,alimentos,0.0,0.0,1.0,0.0,2024,4,Jueves,2,2,Gael Gomez,alta gracia,2939.0,8817.0,0.2067230622303265
42,29,1,12,2024-04-18,Papas Fritas Onduladas 100G,alimentos,0.0,0.0,1.0,0.0,2024,4,Jueves,2,2,Gael Gomez,alta gracia,1868.0,1868.0,-1.1149168597882106
42,73,3,12,2024-04-18,Gin 700Ml,alimentos,0.0,0.0,1.0,0.0,2024,4,Jueves,2,2,Gael Gomez,alta gracia,1561.0,4683.0,-0.5795281160146918
43,1,5,23,2024-02-18,Coca Cola 1.5L,alimentos,1.0,0.0,0.0,0.0,2024,2,Domingo,1,1,Helena Fernandez,rio cuarto,2347.0,11735.0,0.7617015184758427
43,49,2,23,2024-02-18,Harina De Trigo 1Kg,alimentos,1.0,0.0,0.0,0.0,2024,2,Domingo,1,1,Helena Fernandez,rio cuarto,2512.0,5024.0,-0.5146728543355551
43,66,2,23,2024-02-18,Cerveza Negra 1L,alimentos,1.0,0.0,0.0,0.0,2024,2,Domingo,1,1,Helena Fernandez,rio cuarto,1533.0,3066.0,-0.8870675826867273
44,48,1,21,2024-02-21,Porotos Negros 500G,alimentos,1.0,0.0,0.0,0.0,2024,2,Miércoles,1,1,Elena Rodriguez,alta gracia,4462.0,4462.0,-0.6215604117070356
44,47,2,21,2024-02-21,Garbanzos 500G,alimentos,1.0,0.0,0.0,0.0,2024,2,Miércoles,1,1,Elena Rodriguez,alta gracia,2939.0,5878.0,-0.3522494130628783
44,100,2,21,2024-02-21,Trapo De Piso,limpieza,1.0,0.0,0.0,0.0,2024,2,Miércoles,1,1,Elena Rodriguez,alta gracia,4854.0,9708.0,0.3761835846822645
45,12,2,15,2024-01-19,Té Negro 20 Saquitos,alimentos,1.0,0.0,0.0,0.0,2024,1,Viernes,1,3,Tomas Ruiz,cordoba,570.0,1140.0,-1.2533761867747546
45,18,2,15,2024-01-19,Queso Rallado 150G,alimentos,1.0,0.0,0.0,0.0,2024,1,Viernes,1,3,Tomas Ruiz,cordoba,3444.0,6888.0,-0.1601561160073706
45,87,4,15,2024-01-19,Sopa Instantánea Pollo,alimentos,1.0,0.0,0.0,0.0,2024,1,Viernes,1,3,Tomas Ruiz,cordoba,1679.0,6716.0,-0.1928690339217739
45,98,1,15,2024-01-19,Desengrasante 500Ml,alimentos,1.0,0.0,0.0,0.0,2024,1,Viernes,1,3,Tomas Ruiz,cordoba,2843.0,2843.0,-0.9294802611455176
45,52,2,15,2024-01-19,Detergente Líquido 750Ml,limpieza,1.0,0.0,0.0,0.0,2024,1,Viernes,1,3,Tomas Ruiz,cordoba,2582.0,5164.0,-0.4880460606842965
46,21,1,46,2024-03-25,Pan Lactal Integral,alimentos,0.0,0.0,1.0,0.0,2024,3,Lunes,1,2,Agustina Martinez,alta gracia,272.0,272.0,-1.4184623074125573
47,43,5,52,2024-05-04,Salsa De Tomate 500G,alimentos,0.0,0.0,0.0,1.0,2024,5,Sábado,2,3,Diego Diaz,rio cuarto,887.0,4435.0,-0.6266955790540639
47,6,3,52,2024-05-04,Jugo De Naranja 1L,alimentos,0.0,0.0,0.0,1.0,2024,5,Sábado,2,3,Diego Diaz,rio cuarto,4170.0,12510.0,0.9090998404738808
48,70,1,84,2024-01-26,Fernet 750Ml,alimentos,0.0,1.0,0.0,0.0,2024,1,Viernes,1,2,Pablo Sanchez,cordoba,4061.0,4061.0,-0.6978271563795687
48,54,5,84,2024-01-26,Jabón De Tocador,limpieza,0.0,1.0,0.0,0.0,2024,1,Viernes,1,2,Pablo Sanchez,cordoba,1592.0,7960.0,0.0437290468079799
48,57,4,84,2024-01-26,Servilletas X100,alimentos,0.0,1.0,0.0,0.0,2024,1,Viernes,1,2,Pablo Sanchez,cordoba,4520.0,18080.0,1.9684658450275216
49,59,2,5,2024-06-02,Chicle Menta,alimentos,1.0,0.0,0.0,0.0,2024,6,Domingo,2,4,Agustina Flores,cordoba,3612.0,7224.0,-0.0962518112443503
49,21,4,5,2024-06-02,Pan Lactal Integral,alimentos,1.0,0.0,0.0,0.0,2024,6,Domingo,2,4,Agustina Flores,cordoba,272.0,1088.0,-1.263266138702365
49,59,4,5,2024-06-02,Chicle Menta,alimentos,1.0,0.0,0.0,0.0,2024,6,Domingo,2,4,Agustina Flores,cordoba,3612.0,14448.0,1.2776907411605871
49,18,3,5,2024-06-02,Queso Rallado 150G,alimentos,1.0,0.0,0.0,0.0,2024,6,Domingo,2,4,Agustina Flores,cordoba,3444.0,10332.0,0.494863007813588
49,85,3,5,2024-06-02,Jugo En Polvo Naranja,alimentos,1.0,0.0,0.0,0.0,2024,6,Domingo,2,4,Agustina Flores,cordoba,1856.0,5568.0,-0.4112087418620935
50,10,2,8,2024-01-09,Yerba Mate Intensa 1Kg,alimentos,0.0,0.0,0.0,1.0,2024,1,Martes,1,1,Bruno Castro,carlos paz,4883.0,9766.0,0.3872146849092144
50,34,5,8,2024-01-09,Turrón 50G,alimentos,0.0,0.0,0.0,1.0,2024,1,Martes,1,1,Bruno Castro,carlos paz,503.0,2515.0,-0.9918630348427516
50,58,5,8,2024-01-09,Caramelos Masticables,alimentos,0.0,0.0,0.0,1.0,2024,1,Martes,1,1,Bruno Castro,carlos paz,4752.0,23760.0,3.0487529017357238
50,32,3,8,2024-01-09,Chocolate Amargo 100G,alimentos,0.0,0.0,0.0,1.0,2024,1,Martes,1,1,Bruno Castro,carlos paz,2234.0,6702.0,-0.1955317132868998
50,91,4,8,2024-01-09,Desodorante Aerosol,alimentos,0.0,0.0,0.0,1.0,2024,1,Martes,1,1,Bruno Castro,carlos paz,4690.0,18760.0,2.097795985619349
51,31,1,39,2024-02-18,Mix De Frutos Secos 200G,alimentos,1.0,0.0,0.0,0.0,2024,2,Domingo,1,4,Santiago Diaz,alta gracia,3409.0,3409.0,-0.821831938241144
52,83,2,5,2024-05-10,Queso Untable 190G,alimentos,0.0,0.0,1.0,0.0,2024,5,Viernes,2,4,Agustina Flores,cordoba,1830.0,3660.0,-0.774093901052102
52,9,4,5,2024-05-10,Yerba Mate Suave 1Kg,alimentos,0.0,0.0,1.0,0.0,2024,5,Viernes,2,4,Agustina Flores,cordoba,3878.0,15512.0,1.4800543729101518
52,81,5,5,2024-05-10,Aceitunas Verdes 200G,alimentos,0.0,0.0,1.0,0.0,2024,5,Viernes,2,4,Agustina Flores,cordoba,2520.0,12600.0,0.9262170649639756
52,38,3,5,2024-05-10,Mermelada De Frutilla 400G,alimentos,0.0,0.0,1.0,0.0,2024,5,Viernes,2,4,Agustina Flores,cordoba,1584.0,4752.0,-0.5664049105722858
53,28,1,56,2024-01-25,Papas Fritas Clásicas 100G,alimentos,0.0,0.0,1.0,0.0,2024,1,Jueves,1,5,Bruno Diaz,rio cuarto,936.0,936.0,-1.2921752289523027
54,65,1,1,2024-03-26,Cerveza Rubia 1L,alimentos,0.0,0.0,1.0,0.0,2024,3,Martes,1,2,Mariana Lopez,carlos paz,2423.0,2423.0,-1.009360642099293
54,18,2,1,2024-03-26,Queso Rallado 150G,alimentos,0.0,0.0,1.0,0.0,2024,3,Martes,1,2,Mariana Lopez,carlos paz,3444.0,6888.0,-0.1601561160073706
54,91,3,1,2024-03-26,Desodorante Aerosol,alimentos,0.0,0.0,1.0,0.0,2024,3,Martes,1,2,Mariana Lopez,carlos paz,4690.0,14070.0,1.2057983983021896
54,8,3,1,2024-03-26,Energética Nitro 500Ml,alimentos,0.0,0.0,1.0,0.0,2024,3,Martes,1,2,Mariana Lopez,carlos paz,4218.0,12654.0,0.9364873996580324
55,39,4,100,2024-01-04,Helado Vainilla 1L,alimentos,0.0,1.0,0.0,0.0,2024,1,Jueves,1,3,Agustina Lopez,cordoba,469.0,1876.0,-1.1133953287224243
56,18,5,15,2024-06-14,Queso Rallado 150G,alimentos,0.0,1.0,0.0,0.0,2024,6,Viernes,2,3,Tomas Ruiz,cordoba,3444.0,17220.0,1.8049012554555053
57,31,3,34,2024-01-10,Mix De Frutos Secos 200G,alimentos,1.0,0.0,0.0,0.0,2024,1,Miércoles,1,1,Bruno Castro,villa maria,3409.0,10227.0,0.4748929125751441
57,41,4,34,2024-01-10,Aceite De Girasol 1L,alimentos,1.0,0.0,0.0,0.0,2024,1,Miércoles,1,1,Bruno Castro,villa maria,860.0,3440.0,-0.8159360053612225
57,9,5,34,2024-01-10,Yerba Mate Suave 1Kg,alimentos,1.0,0.0,0.0,0.0,2024,1,Miércoles,1,1,Bruno Castro,villa maria,3878.0,19390.0,2.217616557050012
57,76,3,34,2024-01-10,Pizza Congelada Muzzarella,alimentos,1.0,0.0,0.0,0.0,2024,1,Miércoles,1,1,Bruno Castro,villa maria,4286.0,12858.0,0.9752864418355804
57,98,4,34,2024-01-10,Desengrasante 500Ml,alimentos,1.0,0.0,0.0,0.0,2024,1,Miércoles,1,1,Bruno Castro,villa maria,2843.0,11372.0,0.6926620463657939
58,43,2,48,2024-02-04,Salsa De Tomate 500G,alimentos,0.0,0.0,0.0,1.0,2024,2,Domingo,1,2,Rocio Alvarez,cordoba,887.0,1774.0,-1.1327948498111984
58,11,1,48,2024-02-04,Café Molido 250G,alimentos,0.0,0.0,0.0,1.0,2024,2,Domingo,1,2,Rocio Alvarez,cordoba,2053.0,2053.0,-1.0797314538919047
59,31,1,62,2024-04-28,Mix De Frutos Secos 200G,alimentos,0.0,0.0,1.0,0.0,2024,4,Domingo,2,2,Guadalupe Romero,carlos paz,3409.0,3409.0,-0.821831938241144
59,8,2,62,2024-04-28,Energética Nitro 500Ml,alimentos,0.0,0.0,1.0,0.0,2024,4,Domingo,2,2,Guadalupe Romero,carlos paz,4218.0,8436.0,0.1342601452222588
59,97,5,62,2024-04-28,Limpiavidrios 500Ml,alimentos,0.0,0.0,1.0,0.0,2024,4,Domingo,2,2,Guadalupe Romero,carlos paz,872.0,4360.0,-0.6409599327958095
60,43,1,81,2024-04-04,Salsa De Tomate 500G,alimentos,0.0,0.0,0.0,1.0,2024,4,Jueves,2,2,Camila Ruiz,carlos paz,887.0,887.0,-1.3014946067302433
60,98,3,81,2024-04-04,Desengrasante 500Ml,alimentos,0.0,0.0,0.0,1.0,2024,4,Jueves,2,2,Camila Ruiz,carlos paz,2843.0,8529.0,0.1519479438620234
60,15,1,81,2024-04-04,Leche Descremada 1L,alimentos,0.0,0.0,0.0,1.0,2024,4,Jueves,2,2,Camila Ruiz,carlos paz,2538.0,2538.0,-0.9874886330286164
60,21,2,81,2024-04-04,Pan Lactal Integral,alimentos,0.0,0.0,0.0,1.0,2024,4,Jueves,2,2,Camila Ruiz,carlos paz,272.0,544.0,-1.3667302511758266
60,91,4,81,2024-04-04,Desodorante Aerosol,alimentos,0.0,0.0,0.0,1.0,2024,4,Jueves,2,2,Camila Ruiz,carlos paz,4690.0,18760.0,2.097795985619349
61,9,3,27,2024-06-01,Yerba Mate Suave 1Kg,alimentos,1.0,0.0,0.0,0.0,2024,6,Sábado,2,2,Tomas Castro,rio cuarto,3878.0,11634.0,0.7424921887702919
61,19,3,27,2024-06-01,Manteca 200G,alimentos,1.0,0.0,0.0,0.0,2024,6,Sábado,2,2,Tomas Castro,rio cuarto,3251.0,9753.0,0.3847421969273119
62,47,4,100,2024-05-01,Garbanzos 500G,alimentos,0.0,0.0,0.0,1.0,2024,5,Miércoles,2,3,Agustina Lopez,cordoba,2939.0,11756.0,0.7656955375235315
62,95,3,100,2024-05-01,Mascarilla Capilar,alimentos,0.0,0.0,0.0,1.0,2024,5,Miércoles,2,3,Agustina Lopez,cordoba,1581.0,4743.0,-0.5681166330212953
63,8,5,25,2024-06-19,Energética Nitro 500Ml,alimentos,0.0,0.0,1.0,0.0,2024,6,Miércoles,2,2,Karina Castro,rio cuarto,4218.0,21090.0,2.5409419085295792
63,2,2,25,2024-06-19,Pepsi 1.5L,alimentos,0.0,0.0,1.0,0.0,2024,6,Miércoles,2,2,Karina Castro,rio cuarto,4973.0,9946.0,0.4214491338894039
63,70,3,25,2024-06-19,Fernet 750Ml,alimentos,0.0,0.0,1.0,0.0,2024,6,Miércoles,2,2,Karina Castro,rio cuarto,4061.0,12183.0,0.8469072581598698
63,45,4,25,2024-06-19,Fideos Spaghetti 500G,alimentos,0.0,0.0,1.0,0.0,2024,6,Miércoles,2,2,Karina Castro,rio cuarto,745.0,2980.0,-0.9034240416439288
64,4,2,58,2024-03-07,Fanta Naranja 1.5L,alimentos,0.0,1.0,0.0,0.0,2024,3,Jueves,1,2,Karina Acosta,rio cuarto,2033.0,4066.0,-0.6968761994634524
64,41,2,58,2024-03-07,Aceite De Girasol 1L,alimentos,0.0,1.0,0.0,0.0,2024,3,Jueves,1,2,Karina Acosta,rio cuarto,860.0,1720.0,-1.1430651845052553
65,77,4,30,2024-04-30,Empanadas Congeladas,alimentos,0.0,1.0,0.0,0.0,2024,4,Martes,2,1,Ivana Medina,alta gracia,4778.0,19112.0,2.1647433525139417
65,22,3,30,2024-04-30,Medialunas De Manteca,alimentos,0.0,1.0,0.0,0.0,2024,4,Martes,2,1,Ivana Medina,alta gracia,2069.0,6207.0,-0.2896764479824208
65,38,5,30,2024-04-30,Mermelada De Frutilla 400G,alimentos,0.0,1.0,0.0,0.0,2024,4,Martes,2,1,Ivana Medina,alta gracia,1584.0,7920.0,0.036121391479049
65,36,4,30,2024-04-30,Dulce De Leche 400G,alimentos,0.0,1.0,0.0,0.0,2024,4,Martes,2,1,Ivana Medina,alta gracia,2559.0,10236.0,0.4766046350241536
66,16,3,69,2024-03-14,Yogur Natural 200G,alimentos,0.0,1.0,0.0,0.0,2024,3,Jueves,1,2,Felipe Flores,rio cuarto,4613.0,13839.0,1.161864188777613
67,53,1,66,2024-03-21,Lavandina 1L,alimentos,1.0,0.0,0.0,0.0,2024,3,Jueves,1,2,Tomas Herrera,villa maria,1664.0,1664.0,-1.1537159019657586
67,8,2,66,2024-03-21,Energética Nitro 500Ml,alimentos,1.0,0.0,0.0,0.0,2024,3,Jueves,1,2,Tomas Herrera,villa maria,4218.0,8436.0,0.1342601452222588
68,94,4,27,2024-06-28,Hilo Dental,alimentos,0.0,1.0,0.0,0.0,2024,6,Viernes,2,2,Tomas Castro,rio cuarto,1418.0,5672.0,-0.3914288380068729
69,76,4,42,2024-01-06,Pizza Congelada Muzzarella,alimentos,0.0,1.0,0.0,0.0,2024,1,Sábado,1,4,Tomas Flores,alta gracia,4286.0,17144.0,1.7904467103305366
69,74,3,42,2024-01-06,Whisky 750Ml,alimentos,0.0,1.0,0.0,0.0,2024,1,Sábado,1,4,Tomas Flores,alta gracia,2953.0,8859.0,0.2147111003257041
70,66,3,41,2024-02-02,Cerveza Negra 1L,alimentos,0.0,0.0,0.0,1.0,2024,2,Viernes,1,2,Elena Rodriguez,alta gracia,1533.0,4599.0,-0.5955041922054469
70,89,4,41,2024-02-02,Caldo Concentrado Verdura,alimentos,0.0,0.0,0.0,1.0,2024,2,Viernes,1,2,Elena Rodriguez,alta gracia,1003.0,4012.0,-0.7071465341575093
70,38,3,41,2024-02-02,Mermelada De Frutilla 400G,alimentos,0.0,0.0,0.0,1.0,2024,2,Viernes,1,2,Elena Rodriguez,alta gracia,1584.0,4752.0,-0.5664049105722858
71,11,3,40,2024-06-02,Café Molido 250G,alimentos,0.0,1.0,0.0,0.0,2024,6,Domingo,2,2,Felipe Diaz,rio cuarto,2053.0,6159.0,-0.2988056343771381
71,79,4,40,2024-06-02,Hamburguesas Congeladas X4,alimentos,0.0,1.0,0.0,0.0,2024,6,Domingo,2,2,Felipe Diaz,rio cuarto,2420.0,9680.0,0.3708582259520128
71,100,4,40,2024-06-02,Trapo De Piso,limpieza,0.0,1.0,0.0,0.0,2024,6,Domingo,2,2,Felipe Diaz,rio cuarto,4854.0,19416.0,2.222561533013817
71,92,1,40,2024-06-02,Crema Dental 90G,alimentos,0.0,1.0,0.0,0.0,2024,6,Domingo,2,2,Felipe Diaz,rio cuarto,2512.0,2512.0,-0.9924336089924216
72,94,3,26,2024-02-17,Hilo Dental,alimentos,0.0,1.0,0.0,0.0,2024,2,Sábado,1,2,Camila Sanchez,alta gracia,1418.0,4254.0,-0.6611202194174767
72,41,4,26,2024-02-17,Aceite De Girasol 1L,alimentos,0.0,1.0,0.0,0.0,2024,2,Sábado,1,2,Camila Sanchez,alta gracia,860.0,3440.0,-0.8159360053612225
72,51,2,26,2024-02-17,Sal Fina 500G,alimentos,0.0,1.0,0.0,0.0,2024,2,Sábado,1,2,Camila Sanchez,alta gracia,1745.0,3490.0,-0.8064264362000587
73,28,1,42,2024-05-16,Papas Fritas Clásicas 100G,alimentos,0.0,0.0,0.0,1.0,2024,5,Jueves,2,4,Tomas Flores,alta gracia,936.0,936.0,-1.2921752289523027
73,24,3,42,2024-05-16,Galletitas Chocolate,alimentos,0.0,0.0,0.0,1.0,2024,5,Jueves,2,4,Tomas Flores,alta gracia,1305.0,3915.0,-0.7255950983301669
73,19,1,42,2024-05-16,Manteca 200G,alimentos,0.0,0.0,0.0,1.0,2024,5,Jueves,2,4,Tomas Flores,alta gracia,3251.0,3251.0,-0.8518821767904214
74,32,3,56,2024-04-26,Chocolate Amargo 100G,alimentos,1.0,0.0,0.0,0.0,2024,4,Viernes,2,5,Bruno Diaz,rio cuarto,2234.0,6702.0,-0.1955317132868998
74,14,2,56,2024-04-26,Leche Entera 1L,alimentos,1.0,0.0,0.0,0.0,2024,4,Viernes,2,5,Bruno Diaz,rio cuarto,1723.0,3446.0,-0.8147948570618828
74,55,2,56,2024-04-26,Shampoo 400Ml,alimentos,1.0,0.0,0.0,0.0,2024,4,Viernes,2,5,Bruno Diaz,rio cuarto,1407.0,2814.0,-0.9349958112589926
75,3,4,61,2024-05-23,Sprite 1.5L,alimentos,0.0,1.0,0.0,0.0,2024,5,Jueves,2,2,Guadalupe Martinez,rio cuarto,4964.0,19856.0,2.306245741632058
75,2,5,61,2024-05-23,Pepsi 1.5L,alimentos,0.0,1.0,0.0,0.0,2024,5,Jueves,2,2,Guadalupe Martinez,rio cuarto,4973.0,24865.0,3.258914380197442
76,22,4,75,2024-05-15,Medialunas De Manteca,alimentos,0.0,0.0,1.0,0.0,2024,5,Miércoles,2,2,Santiago Castro,rio cuarto,2069.0,8276.0,0.1038295239065348
76,23,4,75,2024-05-15,Bizcochos Salados,alimentos,0.0,0.0,1.0,0.0,2024,5,Miércoles,2,2,Santiago Castro,rio cuarto,2380.0,9520.0,0.3404276046362888
76,24,1,75,2024-05-15,Galletitas Chocolate,alimentos,0.0,0.0,1.0,0.0,2024,5,Miércoles,2,2,Santiago Castro,rio cuarto,1305.0,1305.0,-1.2219946085429143
76,11,2,75,2024-05-15,Café Molido 250G,alimentos,0.0,0.0,1.0,0.0,2024,5,Miércoles,2,2,Santiago Castro,rio cuarto,2053.0,4106.0,-0.6892685441345214
77,53,2,55,2024-05-26,Lavandina 1L,alimentos,0.0,0.0,1.0,0.0,2024,5,Domingo,2,2,Olivia Ruiz,mendiolaza,1664.0,3328.0,-0.8372374402822292
77,41,1,55,2024-05-26,Aceite De Girasol 1L,alimentos,0.0,0.0,1.0,0.0,2024,5,Domingo,2,2,Olivia Ruiz,mendiolaza,860.0,860.0,-1.3066297740772717
77,34,5,55,2024-05-26,Turrón 50G,alimentos,0.0,0.0,1.0,0.0,2024,5,Domingo,2,2,Olivia Ruiz,mendiolaza,503.0,2515.0,-0.9918630348427516
77,98,2,55,2024-05-26,Desengrasante 500Ml,alimentos,0.0,0.0,1.0,0.0,2024,5,Domingo,2,2,Olivia Ruiz,mendiolaza,2843.0,5686.0,-0.3887661586417471
77,39,2,55,2024-05-26,Helado Vainilla 1L,alimentos,0.0,0.0,1.0,0.0,2024,5,Domingo,2,2,Olivia Ruiz,mendiolaza,469.0,938.0,-1.2917948461858562
78,37,3,12,2024-04-29,Mermelada De Durazno 400G,alimentos,0.0,1.0,0.0,0.0,2024,4,Lunes,2,2,Gael Gomez,alta gracia,3196.0,9588.0,0.3533606186954715
78,79,5,12,2024-04-29,Hamburguesas Congeladas X4,alimentos,0.0,1.0,0.0,0.0,2024,4,Lunes,2,2,Gael Gomez,alta gracia,2420.0,12100.0,0.831121373352338
78,17,2,12,2024-04-29,Queso Cremoso 500G,alimentos,0.0,1.0,0.0,0.0,2024,4,Lunes,2,2,Gael Gomez,alta gracia,4834.0,9668.0,0.3685759293533335
78,85,1,12,2024-04-29,Jugo En Polvo Naranja,alimentos,0.0,1.0,0.0,0.0,2024,4,Lunes,2,2,Gael Gomez,alta gracia,1856.0,1856.0,-1.11719915638689
78,39,2,12,2024-04-29,Helado Vainilla 1L,alimentos,0.0,1.0,0.0,0.0,2024,4,Lunes,2,2,Gael Gomez,alta gracia,469.0,938.0,-1.2917948461858562
79,81,2,57,2024-06-06,Aceitunas Verdes 200G,alimentos,0.0,1.0,0.0,0.0,2024,6,Jueves,2,2,Julian Acosta,rio cuarto,2520.0,5040.0,-0.5116297922039826
79,56,2,57,2024-06-06,Papel Higiénico X4,alimentos,0.0,1.0,0.0,0.0,2024,6,Jueves,2,2,Julian Acosta,rio cuarto,2532.0,5064.0,-0.5070651990066241
80,39,5,54,2024-03-25,Helado Vainilla 1L,alimentos,1.0,0.0,0.0,0.0,2024,3,Lunes,1,1,Uma Herrera,alta gracia,469.0,2345.0,-1.0241955699907084
80,30,3,54,2024-03-25,Maní Salado 200G,alimentos,1.0,0.0,0.0,0.0,2024,3,Lunes,1,1,Uma Herrera,alta gracia,4875.0,14625.0,1.3113546159911071
80,41,5,54,2024-03-25,Aceite De Girasol 1L,alimentos,1.0,0.0,0.0,0.0,2024,3,Lunes,1,1,Uma Herrera,alta gracia,860.0,4300.0,-0.6523714157892061
81,10,2,49,2024-03-09,Yerba Mate Intensa 1Kg,alimentos,0.0,0.0,0.0,1.0,2024,3,Sábado,1,4,Olivia Gomez,rio cuarto,4883.0,9766.0,0.3872146849092144
82,38,1,19,2024-01-25,Mermelada De Frutilla 400G,alimentos,0.0,0.0,1.0,0.0,2024,1,Jueves,1,2,Uma Silva,mendiolaza,1584.0,1584.0,-1.1689312126236209
82,28,2,19,2024-01-25,Papas Fritas Clásicas 100G,alimentos,0.0,0.0,1.0,0.0,2024,1,Jueves,1,2,Uma Silva,mendiolaza,936.0,1872.0,-1.1141560942553177
82,29,5,19,2024-01-25,Papas Fritas Onduladas 100G,alimentos,0.0,0.0,1.0,0.0,2024,1,Jueves,1,2,Uma Silva,mendiolaza,1868.0,9340.0,0.3061931556560993
82,82,2,19,2024-01-25,Aceitunas Negras 200G,alimentos,0.0,0.0,1.0,0.0,2024,1,Jueves,1,2,Uma Silva,mendiolaza,2394.0,4788.0,-0.5595580207762479
83,5,2,91,2024-05-28,Agua Mineral 500Ml,alimentos,1.0,0.0,0.0,0.0,2024,5,Martes,2,2,Uma Sanchez,mendiolaza,4777.0,9554.0,0.3468941116658801
83,26,2,91,2024-05-28,Alfajor Triple,alimentos,1.0,0.0,0.0,0.0,2024,5,Martes,2,2,Uma Sanchez,mendiolaza,1001.0,2002.0,-1.0894312144362917
83,73,5,91,2024-05-28,Gin 700Ml,alimentos,1.0,0.0,0.0,0.0,2024,5,Martes,2,2,Uma Sanchez,mendiolaza,1561.0,7805.0,0.0142493824083723
83,51,2,91,2024-05-28,Sal Fina 500G,alimentos,1.0,0.0,0.0,0.0,2024,5,Martes,2,2,Uma Sanchez,mendiolaza,1745.0,3490.0,-0.8064264362000587
84,83,5,72,2024-01-02,Queso Untable 190G,alimentos,1.0,0.0,0.0,0.0,2024,1,Martes,1,4,Camila Rodriguez,cordoba,1830.0,9150.0,0.2700567928436771
84,76,4,72,2024-01-02,Pizza Congelada Muzzarella,alimentos,1.0,0.0,0.0,0.0,2024,1,Martes,1,4,Camila Rodriguez,cordoba,4286.0,17144.0,1.7904467103305366
85,32,4,42,2024-01-23,Chocolate Amargo 100G,alimentos,0.0,0.0,0.0,1.0,2024,1,Martes,1,4,Tomas Flores,alta gracia,2234.0,8936.0,0.2293558368338963
85,80,2,42,2024-01-23,Helado De Frutilla 1L,alimentos,0.0,0.0,0.0,1.0,2024,1,Martes,1,4,Tomas Flores,alta gracia,1981.0,3962.0,-0.716656103318673
86,66,2,40,2024-01-10,Cerveza Negra 1L,alimentos,1.0,0.0,0.0,0.0,2024,1,Miércoles,1,2,Felipe Diaz,rio cuarto,1533.0,3066.0,-0.8870675826867273
86,1,4,40,2024-01-10,Coca Cola 1.5L,alimentos,1.0,0.0,0.0,0.0,2024,1,Miércoles,1,2,Felipe Diaz,rio cuarto,2347.0,9388.0,0.3153223420508165
86,13,5,40,2024-01-10,Té Verde 20 Saquitos,alimentos,1.0,0.0,0.0,0.0,2024,1,Miércoles,1,2,Felipe Diaz,rio cuarto,2383.0,11915.0,0.7959359674560321
86,41,3,40,2024-01-10,Aceite De Girasol 1L,alimentos,1.0,0.0,0.0,0.0,2024,1,Miércoles,1,2,Felipe Diaz,rio cuarto,860.0,2580.0,-0.9795005949332388
87,53,2,100,2024-04-20,Lavandina 1L,alimentos,0.0,1.0,0.0,0.0,2024,4,Sábado,2,3,Agustina Lopez,cordoba,1664.0,3328.0,-0.8372374402822292
87,86,2,100,2024-04-20,Jugo En Polvo Limón,alimentos,0.0,1.0,0.0,0.0,2024,4,Sábado,2,3,Agustina Lopez,cordoba,4090.0,8180.0,0.0855711511171004
88,7,5,37,2024-06-21,Jugo De Manzana 1L,alimentos,1.0,0.0,0.0,0.0,2024,6,Viernes,2,1,Martina Perez,mendiolaza,3269.0,16345.0,1.63848379513514
88,53,5,37,2024-06-21,Lavandina 1L,alimentos,1.0,0.0,0.0,0.0,2024,6,Viernes,2,1,Martina Perez,mendiolaza,1664.0,8320.0,0.1121979447683589
88,8,4,37,2024-06-21,Energética Nitro 500Ml,alimentos,1.0,0.0,0.0,0.0,2024,6,Viernes,2,1,Martina Perez,mendiolaza,4218.0,16872.0,1.7387146540938057
89,72,2,17,2024-01-18,Ron 700Ml,alimentos,0.0,0.0,1.0,0.0,2024,1,Jueves,1,1,Pablo Gomez,villa maria,3876.0,7752.0,0.0041692390975388
90,79,4,46,2024-01-08,Hamburguesas Congeladas X4,alimentos,0.0,1.0,0.0,0.0,2024,1,Lunes,1,2,Agustina Martinez,alta gracia,2420.0,9680.0,0.3708582259520128
90,6,2,46,2024-01-08,Jugo De Naranja 1L,alimentos,0.0,1.0,0.0,0.0,2024,1,Lunes,1,2,Agustina Martinez,alta gracia,4170.0,8340.0,0.1160017724328244
91,57,3,39,2024-02-19,Servilletas X100,alimentos,1.0,0.0,0.0,0.0,2024,2,Lunes,1,4,Santiago Diaz,alta gracia,4520.0,13560.0,1.1088007928583192
92,10,2,42,2024-02-09,Yerba Mate Intensa 1Kg,alimentos,0.0,0.0,0.0,1.0,2024,2,Viernes,1,4,Tomas Flores,alta gracia,4883.0,9766.0,0.3872146849092144
92,43,4,42,2024-02-09,Salsa De Tomate 500G,alimentos,0.0,0.0,0.0,1.0,2024,2,Viernes,1,4,Tomas Flores,alta gracia,887.0,3548.0,-0.7953953359731087
93,80,4,90,2024-01-29,Helado De Frutilla 1L,alimentos,1.0,0.0,0.0,0.0,2024,1,Lunes,1,1,Guadalupe Ruiz,rio cuarto,1981.0,7924.0,0.0368821570119421
93,66,3,90,2024-01-29,Cerveza Negra 1L,alimentos,1.0,0.0,0.0,0.0,2024,1,Lunes,1,1,Guadalupe Ruiz,rio cuarto,1533.0,4599.0,-0.5955041922054469
93,91,3,90,2024-01-29,Desodorante Aerosol,alimentos,1.0,0.0,0.0,0.0,2024,1,Lunes,1,1,Guadalupe Ruiz,rio cuarto,4690.0,14070.0,1.2057983983021896
94,24,1,41,2024-03-06,Galletitas Chocolate,alimentos,0.0,1.0,0.0,0.0,2024,3,Miércoles,1,2,Elena Rodriguez,alta gracia,1305.0,1305.0,-1.2219946085429143
94,86,5,41,2024-03-06,Jugo En Polvo Limón,alimentos,0.0,1.0,0.0,0.0,2024,3,Miércoles,1,2,Elena Rodriguez,alta gracia,4090.0,20450.0,2.419219423266683
94,98,2,41,2024-03-06,Desengrasante 500Ml,alimentos,0.0,1.0,0.0,0.0,2024,3,Miércoles,1,2,Elena Rodriguez,alta gracia,2843.0,5686.0,-0.3887661586417471
95,72,5,26,2024-02-25,Ron 700Ml,alimentos,0.0,1.0,0.0,0.0,2024,2,Domingo,1,2,Camila Sanchez,alta gracia,3876.0,19380.0,2.2157146432177792
95,12,1,26,2024-02-25,Té Negro 20 Saquitos,alimentos,0.0,1.0,0.0,0.0,2024,2,Domingo,1,2,Camila Sanchez,alta gracia,570.0,570.0,-1.3617852752120214
96,81,3,83,2024-02-23,Aceitunas Verdes 200G,alimentos,0.0,0.0,1.0,0.0,2024,2,Viernes,1,1,Franco Gomez,rio cuarto,2520.0,7560.0,-0.0323475064813299
96,68,1,83,2024-02-23,Vino Blanco 750Ml,alimentos,0.0,0.0,1.0,0.0,2024,2,Viernes,1,1,Franco Gomez,rio cuarto,2684.0,2684.0,-0.9597206910780184
96,11,2,83,2024-02-23,Café Molido 250G,alimentos,0.0,0.0,1.0,0.0,2024,2,Viernes,1,1,Franco Gomez,rio cuarto,2053.0,4106.0,-0.6892685441345214
96,50,3,83,2024-02-23,Azúcar 1Kg,alimentos,0.0,0.0,1.0,0.0,2024,2,Viernes,1,1,Franco Gomez,rio cuarto,727.0,2181.0,-1.0553869568393257
97,59,5,39,2024-06-16,Chicle Menta,alimentos,1.0,0.0,0.0,0.0,2024,6,Domingo,2,4,Santiago Diaz,alta gracia,3612.0,18060.0,1.964662017363056
97,36,1,39,2024-06-16,Dulce De Leche 400G,alimentos,1.0,0.0,0.0,0.0,2024,6,Domingo,2,4,Santiago Diaz,alta gracia,2559.0,2559.0,-0.9834946139809276
97,4,3,39,2024-06-16,Fanta Naranja 1.5L,alimentos,1.0,0.0,0.0,0.0,2024,6,Domingo,2,4,Santiago Diaz,alta gracia,2033.0,6099.0,-0.3102171173705345
98,28,4,43,2024-01-12,Papas Fritas Clásicas 100G,alimentos,0.0,0.0,0.0,1.0,2024,1,Viernes,1,1,Lucas Perez,mendiolaza,936.0,3744.0,-0.7581178248613469
98,61,1,43,2024-01-12,Miel Pura 250G,alimentos,0.0,0.0,0.0,1.0,2024,1,Viernes,1,1,Lucas Perez,mendiolaza,4982.0,4982.0,-0.5226608924309326
98,29,1,43,2024-01-12,Papas Fritas Onduladas 100G,alimentos,0.0,0.0,0.0,1.0,2024,1,Viernes,1,1,Lucas Perez,mendiolaza,1868.0,1868.0,-1.1149168597882106
98,83,3,43,2024-01-12,Queso Untable 190G,alimentos,0.0,0.0,0.0,1.0,2024,1,Viernes,1,1,Lucas Perez,mendiolaza,1830.0,5490.0,-0.4260436697535089
99,40,5,51,2024-03-13,Helado Chocolate 1L,alimentos,0.0,0.0,0.0,1.0,2024,3,Miércoles,1,2,Agustina Gomez,rio cuarto,1215.0,6075.0,-0.3147817105678931
100,13,3,69,2024-06-08,Té Verde 20 Saquitos,alimentos,0.0,1.0,0.0,0.0,2024,6,Sábado,2,2,Felipe Flores,rio cuarto,2383.0,7149.0,-0.1105161649860959
100,18,4,69,2024-06-08,Queso Rallado 150G,alimentos,0.0,1.0,0.0,0.0,2024,6,Sábado,2,2,Felipe Flores,rio cuarto,3444.0,13776.0,1.149882131634547
100,58,2,69,2024-06-08,Caramelos Masticables,alimentos,0.0,1.0,0.0,0.0,2024,6,Sábado,2,2,Felipe Flores,rio cuarto,4752.0,9504.0,0.3373845425047164
100,57,1,69,2024-06-08,Servilletas X100,alimentos,0.0,1.0,0.0,0.0,2024,6,Sábado,2,2,Felipe Flores,rio cuarto,4520.0,4520.0,-0.6105293114800856
100,9,4,69,2024-06-08,Yerba Mate Suave 1Kg,alimentos,0.0,1.0,0.0,0.0,2024,6,Sábado,2,2,Felipe Flores,rio cuarto,3878.0,15512.0,1.4800543729101518
101,34,4,72,2024-03-28,Turrón 50G,alimentos,1.0,0.0,0.0,0.0,2024,3,Jueves,1,4,Camila Rodriguez,cordoba,503.0,2012.0,-1.087529300604059
102,78,3,18,2024-03-29,Verduras Congeladas Mix,alimentos,1.0,0.0,0.0,0.0,2024,3,Viernes,1,1,Ivana Torres,carlos paz,4289.0,12867.0,0.97699816428459
102,36,3,18,2024-03-29,Dulce De Leche 400G,alimentos,1.0,0.0,0.0,0.0,2024,3,Viernes,1,1,Ivana Torres,carlos paz,2559.0,7677.0,-0.0100951146442067
103,79,5,39,2024-03-11,Hamburguesas Congeladas X4,alimentos,1.0,0.0,0.0,0.0,2024,3,Lunes,1,4,Santiago Diaz,alta gracia,2420.0,12100.0,0.831121373352338
103,43,5,39,2024-03-11,Salsa De Tomate 500G,alimentos,1.0,0.0,0.0,0.0,2024,3,Lunes,1,4,Santiago Diaz,alta gracia,887.0,4435.0,-0.6266955790540639
103,34,1,39,2024-03-11,Turrón 50G,alimentos,1.0,0.0,0.0,0.0,2024,3,Lunes,1,4,Santiago Diaz,alta gracia,503.0,503.0,-1.3745280978879808
103,70,1,39,2024-03-11,Fernet 750Ml,alimentos,1.0,0.0,0.0,0.0,2024,3,Lunes,1,4,Santiago Diaz,alta gracia,4061.0,4061.0,-0.6978271563795687
104,95,2,86,2024-06-17,Mascarilla Capilar,alimentos,0.0,1.0,0.0,0.0,2024,6,Lunes,2,2,Diego Torres,cordoba,1581.0,3162.0,-0.8688092098972929
104,68,3,86,2024-06-17,Vino Blanco 750Ml,alimentos,0.0,1.0,0.0,0.0,2024,6,Lunes,2,2,Diego Torres,cordoba,2684.0,8052.0,0.0612266540645212
104,68,5,86,2024-06-17,Vino Blanco 750Ml,alimentos,0.0,1.0,0.0,0.0,2024,6,Lunes,2,2,Diego Torres,cordoba,2684.0,13420.0,1.082173999207061
105,13,2,1,2024-02-06,Té Verde 20 Saquitos,alimentos,0.0,0.0,0.0,1.0,2024,2,Martes,1,2,Mariana Lopez,carlos paz,2383.0,4766.0,-0.5637422312071599
105,4,4,1,2024-02-06,Fanta Naranja 1.5L,alimentos,0.0,0.0,0.0,1.0,2024,2,Martes,1,2,Mariana Lopez,carlos paz,2033.0,8132.0,0.0764419647223832
105,58,2,1,2024-02-06,Caramelos Masticables,alimentos,0.0,0.0,0.0,1.0,2024,2,Martes,1,2,Mariana Lopez,carlos paz,4752.0,9504.0,0.3373845425047164
105,82,4,1,2024-02-06,Aceitunas Negras 200G,alimentos,0.0,0.0,0.0,1.0,2024,2,Martes,1,2,Mariana Lopez,carlos paz,2394.0,9576.0,0.3510783220967922
105,43,5,1,2024-02-06,Salsa De Tomate 500G,alimentos,0.0,0.0,0.0,1.0,2024,2,Martes,1,2,Mariana Lopez,carlos paz,887.0,4435.0,-0.6266955790540639
106,88,3,82,2024-03-24,Caldo Concentrado Carne,alimentos,0.0,0.0,0.0,1.0,2024,3,Domingo,1,1,Lucas Lopez,alta gracia,2570.0,7710.0,-0.0038187989978387
107,7,4,14,2024-05-21,Jugo De Manzana 1L,alimentos,1.0,0.0,0.0,0.0,2024,5,Martes,2,1,Gael Martinez,carlos paz,3269.0,13076.0,1.0167481633782542
107,11,2,14,2024-05-21,Café Molido 250G,alimentos,1.0,0.0,0.0,0.0,2024,5,Martes,2,1,Gael Martinez,carlos paz,2053.0,4106.0,-0.6892685441345214
107,12,4,14,2024-05-21,Té Negro 20 Saquitos,alimentos,1.0,0.0,0.0,0.0,2024,5,Martes,2,1,Gael Martinez,carlos paz,570.0,2280.0,-1.0365580099002214
107,5,4,14,2024-05-21,Agua Mineral 500Ml,alimentos,1.0,0.0,0.0,0.0,2024,5,Martes,2,1,Gael Martinez,carlos paz,4777.0,19108.0,2.1639825869810485
108,90,4,9,2024-03-25,Toallas Húmedas X50,alimentos,0.0,0.0,1.0,0.0,2024,3,Lunes,1,2,Yamila Molina,carlos paz,2902.0,11608.0,0.7375472128064867
109,18,1,64,2024-06-04,Queso Rallado 150G,alimentos,0.0,0.0,0.0,1.0,2024,6,Martes,2,2,Julian Alvarez,villa maria,3444.0,3444.0,-0.8151752398283294
109,74,1,64,2024-06-04,Whisky 750Ml,alimentos,0.0,0.0,0.0,1.0,2024,6,Martes,2,2,Julian Alvarez,villa maria,2953.0,2953.0,-0.9085592089909572
109,20,2,64,2024-06-04,Pan Lactal Blanco,alimentos,0.0,0.0,0.0,1.0,2024,6,Martes,2,2,Julian Alvarez,villa maria,1571.0,3142.0,-0.8726130375617583
109,44,5,64,2024-06-04,Arroz Largo Fino 1Kg,alimentos,0.0,0.0,0.0,1.0,2024,6,Martes,2,2,Julian Alvarez,villa maria,2979.0,14895.0,1.3627062894613913
110,6,1,92,2024-05-19,Jugo De Naranja 1L,alimentos,1.0,0.0,0.0,0.0,2024,5,Domingo,2,2,Mariana Rodriguez,alta gracia,4170.0,4170.0,-0.6770962956082318
110,59,3,92,2024-05-19,Chicle Menta,alimentos,1.0,0.0,0.0,0.0,2024,5,Domingo,2,2,Mariana Rodriguez,alta gracia,3612.0,10836.0,0.5907194649581186
110,6,5,92,2024-05-19,Jugo De Naranja 1L,alimentos,1.0,0.0,0.0,0.0,2024,5,Domingo,2,2,Mariana Rodriguez,alta gracia,4170.0,20850.0,2.495295976555993
111,97,4,48,2024-02-12,Limpiavidrios 500Ml,alimentos,1.0,0.0,0.0,0.0,2024,2,Lunes,1,2,Rocio Alvarez,cordoba,872.0,3488.0,-0.8068068189665053
111,93,3,48,2024-02-12,Cepillo De Dientes,limpieza,1.0,0.0,0.0,0.0,2024,2,Lunes,1,2,Rocio Alvarez,cordoba,2142.0,6426.0,-0.2480245350565236
111,20,2,48,2024-02-12,Pan Lactal Blanco,alimentos,1.0,0.0,0.0,0.0,2024,2,Lunes,1,2,Rocio Alvarez,cordoba,1571.0,3142.0,-0.8726130375617583
111,23,4,48,2024-02-12,Bizcochos Salados,alimentos,1.0,0.0,0.0,0.0,2024,2,Lunes,1,2,Rocio Alvarez,cordoba,2380.0,9520.0,0.3404276046362888
112,55,1,28,2024-01-19,Shampoo 400Ml,alimentos,0.0,0.0,1.0,0.0,2024,1,Viernes,1,1,Rocio Silva,cordoba,1407.0,1407.0,-1.2025950874541402
112,21,4,28,2024-01-19,Pan Lactal Integral,alimentos,0.0,0.0,1.0,0.0,2024,1,Viernes,1,1,Rocio Silva,cordoba,272.0,1088.0,-1.263266138702365
112,43,5,28,2024-01-19,Salsa De Tomate 500G,alimentos,0.0,0.0,1.0,0.0,2024,1,Viernes,1,1,Rocio Silva,cordoba,887.0,4435.0,-0.6266955790540639
112,13,2,28,2024-01-19,Té Verde 20 Saquitos,alimentos,0.0,0.0,1.0,0.0,2024,1,Viernes,1,1,Rocio Silva,cordoba,2383.0,4766.0,-0.5637422312071599
112,59,1,28,2024-01-19,Chicle Menta,alimentos,0.0,0.0,1.0,0.0,2024,1,Viernes,1,1,Rocio Silva,cordoba,3612.0,3612.0,-0.7832230874468192
113,53,2,98,2024-03-08,Lavandina 1L,alimentos,0.0,0.0,0.0,1.0,2024,3,Viernes,1,1,Camila Castro,cordoba,1664.0,3328.0,-0.8372374402822292
113,92,3,98,2024-03-08,Crema Dental 90G,alimentos,0.0,0.0,0.0,1.0,2024,3,Viernes,1,1,Camila Castro,cordoba,2512.0,7536.0,-0.0369120996786885
114,8,1,16,2024-05-05,Energética Nitro 500Ml,alimentos,0.0,1.0,0.0,0.0,2024,5,Domingo,2,1,Felipe Alvarez,rio cuarto,4218.0,4218.0,-0.6679671092135147
114,84,1,16,2024-05-05,Queso Azul 150G,alimentos,0.0,1.0,0.0,0.0,2024,5,Domingo,2,1,Felipe Alvarez,rio cuarto,1645.0,1645.0,-1.1573295382470008
114,10,1,16,2024-05-05,Yerba Mate Intensa 1Kg,alimentos,0.0,1.0,0.0,0.0,2024,5,Domingo,2,1,Felipe Alvarez,rio cuarto,4883.0,4883.0,-0.5414898393700368
114,55,5,16,2024-05-05,Shampoo 400Ml,alimentos,0.0,1.0,0.0,0.0,2024,5,Domingo,2,1,Felipe Alvarez,rio cuarto,1407.0,7035.0,-0.1321979826735492
114,92,4,16,2024-05-05,Crema Dental 90G,alimentos,0.0,1.0,0.0,0.0,2024,5,Domingo,2,1,Felipe Alvarez,rio cuarto,2512.0,10048.0,0.4408486549781779
115,17,4,3,2024-02-16,Queso Cremoso 500G,alimentos,0.0,0.0,0.0,1.0,2024,2,Viernes,1,1,Hernan Martinez,rio cuarto,4834.0,19336.0,2.2073462223559552
115,97,5,3,2024-02-16,Limpiavidrios 500Ml,alimentos,0.0,0.0,0.0,1.0,2024,2,Viernes,1,1,Hernan Martinez,rio cuarto,872.0,4360.0,-0.6409599327958095
115,95,4,3,2024-02-16,Mascarilla Capilar,alimentos,0.0,0.0,0.0,1.0,2024,2,Viernes,1,1,Hernan Martinez,rio cuarto,1581.0,6324.0,-0.2674240561452977
115,84,2,3,2024-02-16,Queso Azul 150G,alimentos,0.0,0.0,0.0,1.0,2024,2,Viernes,1,1,Hernan Martinez,rio cuarto,1645.0,3290.0,-0.8444647128447137
116,65,1,25,2024-03-18,Cerveza Rubia 1L,alimentos,0.0,1.0,0.0,0.0,2024,3,Lunes,1,2,Karina Castro,rio cuarto,2423.0,2423.0,-1.009360642099293
116,35,2,25,2024-03-18,Barrita De Cereal 30G,alimentos,0.0,1.0,0.0,0.0,2024,3,Lunes,1,2,Karina Castro,rio cuarto,4430.0,8860.0,0.2149012917089273
116,42,4,25,2024-03-18,Vinagre De Alcohol 500Ml,alimentos,0.0,1.0,0.0,0.0,2024,3,Lunes,1,2,Karina Castro,rio cuarto,1195.0,4780.0,-0.5610795518420342
116,54,5,25,2024-03-18,Jabón De Tocador,limpieza,0.0,1.0,0.0,0.0,2024,3,Lunes,1,2,Karina Castro,rio cuarto,1592.0,7960.0,0.0437290468079799
116,90,4,25,2024-03-18,Toallas Húmedas X50,alimentos,0.0,1.0,0.0,0.0,2024,3,Lunes,1,2,Karina Castro,rio cuarto,2902.0,11608.0,0.7375472128064867
117,67,4,72,2024-03-14,Vino Tinto Malbec 750Ml,alimentos,0.0,0.0,1.0,0.0,2024,3,Jueves,1,4,Camila Rodriguez,cordoba,4719.0,18876.0,2.1198581860732486
117,61,2,72,2024-03-14,Miel Pura 250G,alimentos,0.0,0.0,1.0,0.0,2024,3,Jueves,1,4,Camila Rodriguez,cordoba,4982.0,9964.0,0.4248725787874228
118,68,5,84,2024-02-09,Vino Blanco 750Ml,alimentos,1.0,0.0,0.0,0.0,2024,2,Viernes,1,2,Pablo Sanchez,cordoba,2684.0,13420.0,1.082173999207061
118,68,3,84,2024-02-09,Vino Blanco 750Ml,alimentos,1.0,0.0,0.0,0.0,2024,2,Viernes,1,2,Pablo Sanchez,cordoba,2684.0,8052.0,0.0612266540645212
118,70,2,84,2024-02-09,Fernet 750Ml,alimentos,1.0,0.0,0.0,0.0,2024,2,Viernes,1,2,Pablo Sanchez,cordoba,4061.0,8122.0,0.0745400508901505
118,93,3,84,2024-02-09,Cepillo De Dientes,limpieza,1.0,0.0,0.0,0.0,2024,2,Viernes,1,2,Pablo Sanchez,cordoba,2142.0,6426.0,-0.2480245350565236
118,50,2,84,2024-02-09,Azúcar 1Kg,alimentos,1.0,0.0,0.0,0.0,2024,2,Viernes,1,2,Pablo Sanchez,cordoba,727.0,1454.0,-1.1936560924426465
119,45,5,51,2024-02-07,Fideos Spaghetti 500G,alimentos,0.0,1.0,0.0,0.0,2024,2,Miércoles,1,2,Agustina Gomez,rio cuarto,745.0,3725.0,-0.7617314611425892
120,20,5,72,2024-04-21,Pan Lactal Blanco,alimentos,0.0,0.0,1.0,0.0,2024,4,Domingo,2,4,Camila Rodriguez,cordoba,1571.0,7855.0,0.0237589515695361
